<?xml version="1.0" encoding="UTF-8"?><rss version="2.0"
	xmlns:content="http://purl.org/rss/1.0/modules/content/"
	xmlns:wfw="http://wellformedweb.org/CommentAPI/"
	xmlns:dc="http://purl.org/dc/elements/1.1/"
	xmlns:atom="http://www.w3.org/2005/Atom"
	xmlns:sy="http://purl.org/rss/1.0/modules/syndication/"
	xmlns:slash="http://purl.org/rss/1.0/modules/slash/"
	>

<channel>
	<title>proteine &#8211; PumpPro</title>
	<atom:link href="http://localhost/week5day1/categoria-prodotto/proteine/feed/?simply_static_page=178" rel="self" type="application/rss+xml" />
	<link>./../../../index.html</link>
	<description></description>
	<lastBuildDate>Mon, 20 Mar 2023 13:51:29 +0000</lastBuildDate>
	<language>it-IT</language>
	<sy:updatePeriod>
	hourly	</sy:updatePeriod>
	<sy:updateFrequency>
	1	</sy:updateFrequency>
	<generator>https://wordpress.org/?v=6.1.1</generator>
	<item>
		<title>Whey protein isolate</title>
		<link>./../../../prodotto/whey-protein-isolate/index.html</link>
					<comments>./../../../prodotto/whey-protein-isolate/index.html#respond</comments>
		
		<dc:creator><![CDATA[cosimo]]></dc:creator>
		<pubDate>Mon, 20 Mar 2023 13:51:29 +0000</pubDate>
				<guid isPermaLink="false">./../../../index.html?post_type=product#038;p=15</guid>

					<description><![CDATA[Questo isolato di proteine del siero di latte (WPI), di alta qualità, offre ben 24 g di proteine in una porzione da 30 g. Basso contenuto di zuccheri e di grassi, istantaneo per una facile miscelazione, è disponibile in un’ampia gamma di deliziosi gusti.

Il nostro Pure Whey Isolate™ è un potente concentrato di proteine di alta qualità con un ridotto contenuto di grassi e di zuccheri. Se sei alla ricerca di proteine pure, senza ingredienti aggiuntivi, in un delizioso frullato da gustare in qualsiasi momento della giornata, questa è la polvere che fa per te.

Pure Whey Isolate™ utilizza proteine del siero di latte isolate di ottima qualità ottenute da mucche da latte europee allevate al pascolo. È più raffinato dei normali concentrati proteici di siero del latte, e poiché viene sottoposto a un intenso processo di filtrazione ha un minor tenore di carboidrati e grassi.]]></description>
										<content:encoded><![CDATA[<p><img decoding="async" class="alignnone size-medium wp-image-16" src="./../../../wp-content/uploads/2023/03/pure-whey-isolate_bpb-wpi9-0000_main_thumbnail-300x300.webp" alt="" width="300" height="300" srcset="./../../../wp-content/uploads/2023/03/pure-whey-isolate_bpb-wpi9-0000_main_thumbnail-300x300.webp 300w, ./../../../wp-content/uploads/2023/03/pure-whey-isolate_bpb-wpi9-0000_main_thumbnail-150x150.webp 150w, ./../../../wp-content/uploads/2023/03/pure-whey-isolate_bpb-wpi9-0000_main_thumbnail-324x324.webp 324w, ./../../../wp-content/uploads/2023/03/pure-whey-isolate_bpb-wpi9-0000_main_thumbnail-416x416.webp 416w, ./../../../wp-content/uploads/2023/03/pure-whey-isolate_bpb-wpi9-0000_main_thumbnail-100x100.webp 100w, ./../../../wp-content/uploads/2023/03/pure-whey-isolate_bpb-wpi9-0000_main_thumbnail.webp 500w" sizes="(max-width: 300px) 100vw, 300px" /></p>
]]></content:encoded>
					
					<wfw:commentRss>./../../../prodotto/whey-protein-isolate/feed/index.html</wfw:commentRss>
			<slash:comments>0</slash:comments>
		
		
			</item>
		<item>
		<title>Pure Whey Protein</title>
		<link>./../../../prodotto/pure-whey-protein/index.html</link>
					<comments>./../../../prodotto/pure-whey-protein/index.html#respond</comments>
		
		<dc:creator><![CDATA[cosimo]]></dc:creator>
		<pubDate>Mon, 20 Mar 2023 13:45:59 +0000</pubDate>
				<guid isPermaLink="false">./../../../index.html?post_type=product#038;p=13</guid>

					<description><![CDATA[Alla base di qualsiasi programma di allenamento, la nostra polvere Pure Whey Protein™, facile da miscelare, è ricca di proteine di BCAA, (rispettivamente 22 e 5 g a porzione); inoltre è disponibile in più di 20 deliziosi gusti.

Il nostro frullato Pure Whey Protein™ è esattamente come sembra. Proteine del siero di latte di qualità superiore derivanti dal latte di mucche europee allevate al pascolo. L’ideale per chiunque inizi il proprio percorso nel mondo del fitness, o per chiunque si alleni regolarmente e voglia fare il pieno di proteine. Può anche essere aggiunto ai frappè o utilizzato per preparare prodotti da forno.

Il nostro Pure Whey Protein™ contiene tutte le proteine e gli aminoacidi essenziali di cui hai bisogno in una singola porzione. Ogni porzione contiene 22 g di proteine e 5 g di aminoacidi a catena ramificata (BCAA). Se hai bisogno di arricchire la tua alimentazione con principi nutritivi specifici, come carboidrati o creatina monoidrato, puoi aggiungere uno dei nostri altri integratori, oppure provare una delle nostre formule All-in-One.]]></description>
										<content:encoded><![CDATA[<p><img decoding="async" class="alignnone size-medium wp-image-14" src="./../../../wp-content/uploads/2023/03/Pure-Whey-Protein-300x300.webp" alt="" width="300" height="300" srcset="./../../../wp-content/uploads/2023/03/Pure-Whey-Protein-300x300.webp 300w, ./../../../wp-content/uploads/2023/03/Pure-Whey-Protein-150x150.webp 150w, ./../../../wp-content/uploads/2023/03/Pure-Whey-Protein-324x324.webp 324w, ./../../../wp-content/uploads/2023/03/Pure-Whey-Protein-416x416.webp 416w, ./../../../wp-content/uploads/2023/03/Pure-Whey-Protein-100x100.webp 100w, ./../../../wp-content/uploads/2023/03/Pure-Whey-Protein.webp 500w" sizes="(max-width: 300px) 100vw, 300px" /></p>
]]></content:encoded>
					
					<wfw:commentRss>./../../../prodotto/pure-whey-protein/feed/index.html</wfw:commentRss>
			<slash:comments>0</slash:comments>
		
		
			</item>
	</channel>
</rss>
