<?xml version="1.0" encoding="UTF-8"?><rss version="2.0"
	xmlns:content="http://purl.org/rss/1.0/modules/content/"
	xmlns:dc="http://purl.org/dc/elements/1.1/"
	xmlns:atom="http://www.w3.org/2005/Atom"
	xmlns:sy="http://purl.org/rss/1.0/modules/syndication/"
	
	>
<channel>
	<title>
	Commenti a: Whey protein isolate	</title>
	<atom:link href="http://localhost/week5day1/prodotto/whey-protein-isolate/feed/?simply_static_page=163" rel="self" type="application/rss+xml" />
	<link>./../index.html</link>
	<description></description>
	<lastBuildDate>Mon, 20 Mar 2023 13:51:29 +0000</lastBuildDate>
	<sy:updatePeriod>
	hourly	</sy:updatePeriod>
	<sy:updateFrequency>
	1	</sy:updateFrequency>
	<generator>https://wordpress.org/?v=6.1.1</generator>
</channel>
</rss>
